Позначка часу,Результат,Напишіть своє прізвище та ім'я,Вкажіть сьогоднішню дату,"Літера А
ІІІ рівень
Як називалася радянська каральна операція 1940–50-х рр. проти українського підпілля? ","Літера Б
ІІІ рівень
Яка назвали подію 1708 р. в ході якої було знищено козацьку столицю? ","Літера В
ІІІ рівень
Обопільні етнічні чистки конфліктуючого польського та українського населення, здійснені Українською Повстанською Армією в 1943–44 рр. ","Літера Г
ІІІ рівень 
Яка катастрофічна подія забрала мільйони життів в УСРР? ","Літера  Ґ 
ІІІ рівень 
Яка акція 1970 р. протесту проти цензури в УРСР? ","Літера Д
ІІІ рівень 
Яка хвиля політичних репресій зачепила студентів Київського університету 1825 р.? ","Літера Е
ІІ рівень 
Який захід УНР мав на меті націоналізацію промисловості? ","Літера Є
ІІ рівень 
Який радянський судовий процес 1921 р. стосувався української інтелігенції?","Літера Ж
ІІ рівень 
Як називають масові репресії сталінського режиму? ","Літера З
ІІІ рівень 
Який указ радянської влади заборонив діяльність УПА? ","Літера И
ІІІ рівень 
Який ранній військовий похід на південні степи? ","Літера І
ІІІ рівень 
Яка група діячів культури виступила за національне відродження? ","Літера Ї
ІІІ рівень 
Яка організація національного просвітництва виникла в Чернігові? (правопис збережено)","Літера Й
ІІІ рівень
Який святковий захід відбувся в Кам’янці-Подільському? ","Літера К
ІІІ рівень
Яка битва 1944 р. забезпечила визволення Правобережної України? ","Літера Л
ІІІ рівень
Як історики називають політичний союз XIV ст.? ","Літера М
ІІІ рівень
Яка операція СРСР призвела до переселення українців із Польщі? ","Літера Н
ІІІ рівень
Які суди після Другої світової війни розглядали злочини нацистів? ","Літера О
ІІ рівень
Яка акція ПНР переселила українців із Холмщини? ","Літера П
ІІ рівень
Який нацистський план передбачав колонізацію українських земель? ","Літера Р
ІІІ рівень
Який міжнародний договір стосувався Чорноморського флоту? ","Літера С
ІІ рівень
Які заходи примусової праці застосовувалися в УСРР? ","Літера Т
ІІІ рівень
Який документ організації містив коди й накази? ","Літера У
ІІІ рівень
Який документ передував радянській окупації Західної України? ","Літера Ф
ІІІ рівень
Яка військова операція визволила правий берег? ","Літера Х
ІІІ рівень
Яка самостійна козацька держава існувала 1920 р.? ","Літера Ц
ІІІ рівень
Який указ забороняв козакам торгівлю з Імперією? ","Літера Ч
ІІІ рівень
Які органи НКВС проводили масові арешти? ","Літера Ш
ІІІ рівень
Яка короткочасна радянська республіка діяла під час війни? ","Літера Щ
ІІІ рівень
Яка червнева операція Червоної армії проти УНР? ","Літера Ю
ІІІ рівень
Який захід зібрав діячів української діаспори? ","Літера Я
ІІІ рівень

Який німецький табір смерті діяв у Львові?"