Позначка часу,Результат,Напишіть своє прізвище та ім'я,У добу «відлиги» в суспільному лексиконі вперше з’являється поняття,"Яку особливість економічного розвитку УРСР в 1970-ті – на початку 1980-х рр. підтверджено даними, наведеними в уривку документа: «У республіці, на яку припадало 2,6 % території СРСР, було побудовано майже 40 % атомних енергоблоків, продукувалося близько 40 % усієї радянської сталі, 34 % вугілля, 51 % чавуну. …частка промисловості, що працювала на споживчий ринок, становила 29 %, тоді як у розвинених країнах цей показник сягав 50–60 % і більше»?","У царині якого мистецтва творили діячі, зображені на фото?","Уривок з історичного джерела «Соціалістичне самоврядування реалізується в умовах широкої гласності шляхом участі всього колективу та його громадських організацій у виробленні найважливіших рішень і контролі за їх виконанням, виборності керівників та єдиноначальності в управлінні підприємством…» доречно використовувати, характеризуючи суспільне життя України доби","«Російська Федерація, Сполучене Королівство Великої Британії та Північної Ірландії і Сполучені Штати Америки підтверджують Україні їх зобов’язання згідно з принципами Заключного акта Наради з безпеки та співробітництва в Європі (НБСЄ) поважати незалежність і суверенітет та існуючі кордони України.., [а також] підтверджують зобов’язання утримуватися від загрози силою чи її використання проти територіальної цілісності чи політичної незалежності України, що ніяка їхня зброя ніколи не буде використовуватися проти України, крім цілей самооборони або будь-яким іншим чином згідно зі Статутом Організації Об’єднаних Націй…»
Що зумовило підписання цитованого документа?","«Російська Федерація, Сполучене Королівство Великої Британії та Північної Ірландії і Сполучені Штати Америки підтверджують Україні їх зобов’язання згідно з принципами Заключного акта Наради з безпеки та співробітництва в Європі (НБСЄ) поважати незалежність і суверенітет та існуючі кордони України.., [а також] підтверджують зобов’язання утримуватися від загрози силою чи її використання проти територіальної цілісності чи політичної незалежності України, що ніяка їхня зброя ніколи не буде використовуватися проти України, крім цілей самооборони або будь-яким іншим чином згідно зі Статутом Організації Об’єднаних Націй…»
Хто з Президентів України поставив підпис під документом, уривок із якого наведено?","«Російська Федерація, Сполучене Королівство Великої Британії та Північної Ірландії і Сполучені Штати Америки підтверджують Україні їх зобов’язання згідно з принципами Заключного акта Наради з безпеки та співробітництва в Європі (НБСЄ) поважати незалежність і суверенітет та існуючі кордони України.., [а також] підтверджують зобов’язання утримуватися від загрози силою чи її використання проти територіальної цілісності чи політичної незалежності України, що ніяка їхня зброя ніколи не буде використовуватися проти України, крім цілей самооборони або будь-яким іншим чином згідно зі Статутом Організації Об’єднаних Націй…»
У якому році одна з країн-підписантів порушила умови, зазначені в цитованому документі?",На карикатурі відображено запити сучасного українського суспільства щодо,"Установіть відповідність між подією та роком, коли вона відбулася. [проголошення курсу на індустріалізацію]","Установіть відповідність між подією та роком, коли вона відбулася. [входження УСРР до складу СРСР]","Установіть відповідність між подією та роком, коли вона відбулася. [утворення Української автокефальної православної церкви]","Установіть відповідність між подією та роком, коли вона відбулася. [початок політики «коренізації» в УСРР]","З’ясуйте, кому з діячів належать наведені факти біографії. [Г. Верьовка]","З’ясуйте, кому з діячів належать наведені факти біографії. [Л. Курбас]","З’ясуйте, кому з діячів належать наведені факти біографії. [П. Вірський]","З’ясуйте, кому з діячів належать наведені факти біографії. [М. Рильський]",Установіть відповідність між подією та її наслідком. [запровадження національної валюти – гривні],Установіть відповідність між подією та її наслідком. [«Помаранчева революція»],Установіть відповідність між подією та її наслідком. [проведення першого Всеукраїнського референдуму],Установіть відповідність між подією та її наслідком. [проведення перших альтернативних виборів до Верховної Ради УРСР],"Установіть послідовність суспільно-політичних подій, описаних в уривках з історичних джерел. [«…У сій хвилі представники українського народу в Галичині всіх політичних напрямів, яких об’єднує один національний ідеал, зібралися в Головну Українську Раду…»]","Установіть послідовність суспільно-політичних подій, описаних в уривках з історичних джерел. [«Цього дня Українська Національна Рада перейняла на себе владу в столичнім місті Львові й на цілій території Української Держави…»]","Установіть послідовність суспільно-політичних подій, описаних в уривках з історичних джерел. [«Київ залишений був напризволяще… більшовицькі війська, тоді ще більше схожі на банди, незабаром змусили кошмаром своєї «діяльності» забути кошмар і жах дев’ятиденного бомбардування…»]","Установіть послідовність суспільно-політичних подій, описаних в уривках з історичних джерел. [«На цій історичній площі столичного міста Києва стоїмо… ми, український народ західноукраїнських земель.., будучи однією кров’ю… з усім народом Української Народної Республіки, хочемо й бажаємо відновити національну державну єдність нашого народу...»]","Установіть послідовність виходу друком газет часів Другої світової війни, фрагменти перших шпальт яких зображено на фото. [А]","Установіть послідовність виходу друком газет часів Другої світової війни, фрагменти перших шпальт яких зображено на фото. [Б]","Установіть послідовність виходу друком газет часів Другої світової війни, фрагменти перших шпальт яких зображено на фото. [В]","Установіть послідовність виходу друком газет часів Другої світової війни, фрагменти перших шпальт яких зображено на фото. [Г]",Хто з указаних діячів був причетний до створення Західноукраїнської Народної Республіки (ЗУНР)?,Укажіть прояви політико-ідеологічної кризи радянського ладу в середині 1960-х – на початку 1980-х рр.,"Витвір ювелірного мистецтва, зображений на фото, створено на замовлення",На картосхемі жирною лінією позначено кордони Київської держави за часів князювання,"У якому році відбулася подія, описана в уривку з історичного джерела: «Володимир Мономах сів у Києві. Зустріли ж його митрополит Никифор з єпископами й усіма киянами з честю великою.., сів він на столі отця свого й предків своїх, і всі люди раді були, а заколот улігся…»?",На картосхемі відображено основні напрямки завойовницьких походів,Що було спільного в правлінні князів Галицько-Волинської держави Романа Мстиславовича та Данила Романовича?,"Загальна назва міського уряду, що набула поширення на початку XIV ст. в українських містах, де функціонувало міське самоврядування, – це","Яка з ікон, зображених на фото, належить пензлю О. Горошковича?",Яка подія відбулася в 1556 р.?,"«1. Усім уніатам і неуніатам надається право вільного відправлення свого богослужіння,.. ремонтувати свої церкви й будувати нові…
2. …церква Св. Софії київська з підданими, що живуть навколо неї, повинна   залишатися за неуніатами й митрополитом, що має посвяту від патріарха константинопольського; він, митрополит, за давніми правами й звичаями, повинен обиратися з-поміж руської шляхти духовними й світськими обивателями Корони [Польської] і Великого князівства Литовського релігії грецької, що не перебувають в унії і мають привілеї з боку короля…
3. Те ж саме треба розуміти й щодо Львівського, Луцького, Перемишльського й Мстиславського владик й архімандритів Печерського й Унівського…»
Документ, уривок із якого наведено, увійшов в історію під назвою","«1. Усім уніатам і неуніатам надається право вільного відправлення свого богослужіння,.. ремонтувати свої церкви й будувати нові…
2. …церква Св. Софії київська з підданими, що живуть навколо неї, повинна   залишатися за неуніатами й митрополитом, що має посвяту від патріарха константинопольського; він, митрополит, за давніми правами й звичаями, повинен обиратися з-поміж руської шляхти духовними й світськими обивателями Корони [Польської] і Великого князівства Литовського релігії грецької, що не перебувають в унії і мають привілеї з боку короля…
3. Те ж саме треба розуміти й щодо Львівського, Луцького, Перемишльського й Мстиславського владик й архімандритів Печерського й Унівського…»
Укажіть портрет діяча, який унаслідок виконання умов цитованого документа очолив православну церкву.","«1. Усім уніатам і неуніатам надається право вільного відправлення свого богослужіння,.. ремонтувати свої церкви й будувати нові…
2. …церква Св. Софії київська з підданими, що живуть навколо неї, повинна   залишатися за неуніатами й митрополитом, що має посвяту від патріарха константинопольського; він, митрополит, за давніми правами й звичаями, повинен обиратися з-поміж руської шляхти духовними й світськими обивателями Корони [Польської] і Великого князівства Литовського релігії грецької, що не перебувають в унії і мають привілеї з боку короля…
3. Те ж саме треба розуміти й щодо Львівського, Луцького, Перемишльського й Мстиславського владик й архімандритів Печерського й Унівського…»
З якою метою ухвалено цитований документ?","Про яку причину Національно-визвольної війни українського народу середини ХVIІ ст. йдеться в уривку з історичного джерела: «Тутешні селяни заслуговують на співчуття. Вони мусять працювати власноручно й зі своїми кіньми три дні на тиждень на користь свого пана, а також сплачувати йому певну кількість …хліба, багато півнів, курей, гусей і курчат перед Великоднем, Трійцею та Різдвом…»?",Укладення Віленського перемир’я спонукало гетьмана Б. Хмельницького до,"Якою цифрою на картосхемі позначено території, що ввійшли до складу Російської імперії в результаті російсько-турецької війни 1787–1791 рр.?","Перехід від мануфактури з її ручною працею та ремісничою технікою до великого машинного фабрично-заводського виробництва, що зумовив формування нових соціальних верств – підприємців і найманих робітників, – це ознаки"