Позначка часу,Результат,Напишіть своє прізвище та ім'я,"Що стало поштовхом до появи документа, уривок з якого наведено: «Бюро української парламентської групи надіслало телеграму: «Рідна українська просвіта найміцніша підвалина української автономії. Нехай же ширяться по всій Україні просвітні товариства, стаючи джерелом освіти й свідомості для рідного народу. Вітаємо київську «Просвіту», вітаємо нове культурне життя України...»?",Потребу здобуття політичної незалежності України вперше обґрунтував,Створення легіону Українських січових стрільців,Найбільшу підтримку населення Наддніпрянської України в 1917 р. мала,"Карта-карикатура, зображена на фото, ілюструє події","«Перехід Галицької Армії на сторону Денікіна поставив нашу Армію в надзвичайно тяжке стратегічне й матеріальне положення, бо, одночасно з передачею ворогові значної кількості військового майна, для його наступу була відкрита головна комунікаційна лінія... У зв’язку з цим Уряд… заявляє, що він тимчасово переходить на інші способи боротьби за нашу державність... Уряд буде керувати справами України та захищати її перед іншими державами так, як цього вимагатимуть інтереси нашої республіки...»
Хто з діячів, зображених на фото, очолював Українську державу за обставин, наведених в уривку документа?","«Перехід Галицької Армії на сторону Денікіна поставив нашу Армію в надзвичайно тяжке стратегічне й матеріальне положення, бо, одночасно з передачею ворогові значної кількості військового майна, для його наступу була відкрита головна комунікаційна лінія... У зв’язку з цим Уряд… заявляє, що він тимчасово переходить на інші способи боротьби за нашу державність... Уряд буде керувати справами України та захищати її перед іншими державами так, як цього вимагатимуть інтереси нашої республіки...»
У результаті «надзвичайно тяжкого стратегічного й матеріального положення» «Армія» була змушена здійснити","«Перехід Галицької Армії на сторону Денікіна поставив нашу Армію в надзвичайно тяжке стратегічне й матеріальне положення, бо, одночасно з передачею ворогові значної кількості військового майна, для його наступу була відкрита головна комунікаційна лінія... У зв’язку з цим Уряд… заявляє, що він тимчасово переходить на інші способи боротьби за нашу державність... Уряд буде керувати справами України та захищати її перед іншими державами так, як цього вимагатимуть інтереси нашої республіки...»
Зазначені в уривку документа обставини спонукали «Уряд» до","Розгляньте агітаційний плакат часів утвердження тоталітарного режиму в Україні (1929–1939 рр.) і виконайте завдання.
Напис на плакаті:
«Правильною організацією праці звільнимо колгоспників для роботи в соціалістичній промисловості. Дамо мільйони робочих рук на фронт індустріалізації».
Плакат дає змогу визначити","Пам’ятка, зображена на фото, є частиною міської архітектури",Саморозпуск уряду ЗУНР в 1923 р. став наслідком визнання країнами Антанти входження до складу Польщі,Реалізація Радянським Союзом умов «пакта Молотова–Ріббентропа» розпочалася,"Збройно-політична формація, створена Т. Боровцем (Бульбою), що діяла на Волині з червня 1941 р. до лютого 1944 р., називалася","Уривок з історичного джерела «Улітку 1946 р. потік сільського населення з центральних і південних областей у західні області України не зменшився. У червні органами транспортної міліції УРСР було знято тільки з товарних поїздів 62 400 осіб, а за дві останні декади липня – 97 633 особи…» доречно використовувати, характеризуючи",Відображені на діаграмах зміни національного складу населення Криму стали наслідком,"У доповідній записці царського жандарма «У Києві та в Малоросії слов’янофільство перетворюється в українофільство… Причетні до справи… художник.., колишній вчитель… із захопленням говорили про колишню Малоросію…» ідеться про учасників",У результаті скасування панщини на західноукраїнських землях селяни були змушені,Буковина в складі Австрійської (Австро-Угорської) імперії стала тереном протистояння між українським національним рухом і,"Об’єднання українських наукових, літературних й освітніх сил, визначення поля їхньої діяльності в результаті пожвавлення культурно-освітнього руху під час подій «Весни народів» мало бути здійснено",Що стало причиною скасування царською владою в пореформений період тимчасово зобов’язального стану селян Правобережної України?,"Що об’єднує діячів, зображених на фото?",Українську соціал-демократичну партію створено у Львові,Що було характерним для розвитку української культури в другій половині XIX – на початку XX ст.?,"З’ясуйте, складовою якої експозиції історичного музею є пам’ятки, зображені на кожному з фото. [1]","З’ясуйте, складовою якої експозиції історичного музею є пам’ятки, зображені на кожному з фото. [2]","З’ясуйте, складовою якої експозиції історичного музею є пам’ятки, зображені на кожному з фото. [3]","З’ясуйте, складовою якої експозиції історичного музею є пам’ятки, зображені на кожному з фото. [4]",Установіть відповідність між подією та її наслідком. [укладення Гадяцького договору],Установіть відповідність між подією та її наслідком. [Чигиринські походи турецько-татарської армії],Установіть відповідність між подією та її наслідком. [проведення Чорної ради поблизу Ніжина],Установіть відповідність між подією та її наслідком. [обрання гетьманом Д. Многогрішного],Установіть відповідність між діячем і сферою його діяльності. [І. Мечников],Установіть відповідність між діячем і сферою його діяльності. [С. Васильківський],Установіть відповідність між діячем і сферою його діяльності. [Д. Яворницький],Установіть відповідність між діячем і сферою його діяльності. [М. Кропивницький],Установіть послідовність подій періоду перебування українських земель у складі Великого князівства Литовського. [перемога литовсько-руського війська над монголами в битві на Синіх Водах],Установіть послідовність подій періоду перебування українських земель у складі Великого князівства Литовського. [утвердження литовської династії Гедиміновичів у Волинському князівстві],Установіть послідовність подій періоду перебування українських земель у складі Великого князівства Литовського. [перемога литовського війська над московським у битві під Оршею],Установіть послідовність подій періоду перебування українських земель у складі Великого князівства Литовського. [остаточна ліквідація Київського удільного князівства],"Установіть послідовність подій, описаних в уривках з літопису Г. Граб’янки. [«…вдруге перебрав собі гетьманську булаву, зібрав козаків реєстрових та запорозьких і чимдуж поспішив під Хотин на підмогу Владиславу.., став обіч королевича в осаді…»]","Установіть послідовність подій, описаних в уривках з літопису Г. Граб’янки. [«…Петро Конашевич-Сагайдачний… ходив з військом запорозьким по воді на Кафу, повоював її добре, силу бранців християнських з неволі звільнив і з добичею великою з Чорного моря повернувся…»]","Установіть послідовність подій, описаних в уривках з літопису Г. Граб’янки. [«…козаки зібралися, настановили гетьманом Павлюка й вирушили на Кумейки супроти ляхів, але під Кумейками коронний гетьман Конецпольський, до підступу вдавшися, здолав козаків…»]","Установіть послідовність подій, описаних в уривках з літопису Г. Граб’янки. [«…король Баторій, настановив козакам гетьмана, прислав корогву, бунчук та булаву, печатку гербову,.. віддав для пристанища місто Терехтемирів з монастирем, аби вони в ньому зимували, а за службу поклав їм по червінцеві та по кожуху…»]","Поміж яких релігій (за літописною легендою) вибирав великий князь київський Володимир Святославич, здійснюючи в 988 р. релігійну реформу?",Які уривки з праці Н. Яковенко «Нарис історії середньовічної та ранньомодерної України» стосуються К. Розумовського?
27.04.2025 13:45:54,19 / 46,,революційні події в Росії (1905–1907 рр.),Юліан Бачинський у брошурі «Україна Irredenta»,відбулося за ініціативи Головної української ради.,Українська партія соціалістів-революціонерів.,1919 р.,Г,Перший «Зимовий похід».,підтвердження умов прелімінарного миру з радянською Росією.,джерела індустріалізації.,Києва.,Східної Галичини.,17 вересня 1939 р,«Поліська Січ».,масштаби повоєнного голоду.,депортації.,Кирило-Мефодіївського братства.,утворювати кооперативні товариства.,румунським.,«Руською трійцею».,вибух польського національно-визвольного повстання,організація першої української політичної партії,1899 р.,українізація початкової освіти в Наддніпрянській Україні,«Кочовики раннього залізного віку»,«Дивосвіт Трипілля»,«Язичництво давніх слов’ян»,«Духовний світ людей доби палеоліту»,розпад Гетьманщини на дві частини – Правобережну та Лівобережну,повстання під проводом полковника С. Палія,здійснення гетьманом І. Самойловичем «Великого згону»,створення найманого кінного війська «компанійців»,історія,музика,живопис,історія,4,1,2,3,4,1,2,3,"християнства, буддизму, ісламу","«27 червня 1672 р. гетьманом став генеральний писар, один з донощиків на Многогрішного.., син священика з Правобережної України...», «…був заочно «обраний» на гетьманство, а імператриця з цієї нагоди присвоїла йому чин генерал-фельдмаршала й вручила в придворній церкві в Петербурзі гетьманські клейноди…», «…залишивши близько 3 тис. людей для оборони Батурина, виїхав із рештою козаків назустріч Карлові ХІІ…»"
27.04.2025 13:48:01,34 / 46,Віолетта,революційні події в Росії (1905–1907 рр.),Юліан Бачинський у брошурі «Україна Irredenta»,відбулося за ініціативи Головної української ради.,Українська партія соціалістів-революціонерів.,1919 р.,Г,Перший «Зимовий похід».,укладення Варшавської угоди.,джерела індустріалізації.,Києва.,Східної Галичини.,17 вересня 1939 р,«Поліська Січ».,масштаби повоєнного голоду.,депортації.,Кирило-Мефодіївського братства.,користуватися сервітутами за плату.,румунським.,«Собором руських учених».,вибух польського національно-визвольного повстання,участь у громадівському русі,1899 р.,становлення українського музичного класичного мистецтва,«Духовний світ людей доби палеоліту»,«Дивосвіт Трипілля»,«Античні міста-держави Північного Причорномор’я»,«Кочовики раннього залізного віку»,створення найманого кінного війська «компанійців»,агресія Московського царства проти Гетьманщини,здійснення гетьманом І. Самойловичем «Великого згону»,повстання під проводом полковника С. Палія,медицина,живопис,історія,театр,2,1,4,3,3,2,4,1,"християнства, буддизму, ісламу, іудаїзму","«…був заочно «обраний» на гетьманство, а імператриця з цієї нагоди присвоїла йому чин генерал-фельдмаршала й вручила в придворній церкві в Петербурзі гетьманські клейноди…», «…вирішує перенести свою резиденцію до старої, мазепинської, столиці – Батурина…», «Реформування судочинства… було спрямоване на реанімацію того укладу, у якому жилося до козацької революції…», «…було проведене так зване Генеральне слідство про маєтності, тобто ревізія поземельного фонду Гетьманської України…»"
27.04.2025 13:51:30,21 / 46,Городова Вероніка ,революційні події в Росії (1905–1907 рр.),Юліан Бачинський у брошурі «Україна Irredenta»,відбулося за ініціативи Головної української ради.,Українська партія соціалістів-революціонерів.,1919 р.,Г,Перший «Зимовий похід».,укладення Варшавської угоди.,джерела індустріалізації.,Києва.,Східної Галичини.,17 вересня 1939 р,«Поліська Січ».,масштаби повоєнного голоду.,депортації.,Кирило-Мефодіївського братства.,користуватися сервітутами за плату.,румунським.,«Собором руських учених».,вибух польського національно-визвольного повстання,участь у громадівському русі,1899 р.,становлення українського музичного класичного мистецтва,,,,,,,,,,,,,,,,,,,,,,
27.04.2025 13:51:44,43 / 46,Свінціцка Вікторія ,революційні події в Росії (1905–1907 рр.),Юліан Бачинський у брошурі «Україна Irredenta»,відбулося за ініціативи Головної української ради.,Українська партія соціалістів-революціонерів.,1919 р.,Г,Перший «Зимовий похід».,укладення Варшавської угоди.,джерела індустріалізації.,Києва.,Східної Галичини.,17 вересня 1939 р,«Поліська Січ».,масштаби повоєнного голоду.,депортації.,Кирило-Мефодіївського братства.,користуватися сервітутами за плату.,румунським.,«Собором руських учених».,вибух польського національно-визвольного повстання,участь у громадівському русі,1899 р.,становлення українського музичного класичного мистецтва,«Духовний світ людей доби палеоліту»,«Античні міста-держави Північного Причорномор’я»,«Дивосвіт Трипілля»,«Язичництво давніх слов’ян»,агресія Московського царства проти Гетьманщини,здійснення гетьманом І. Самойловичем «Великого згону»,розпад Гетьманщини на дві частини – Правобережну та Лівобережну,створення найманого кінного війська «компанійців»,медицина,живопис,історія,театр,2,1,4,3,3,2,4,1,"християнства, ісламу, іудаїзму","«…був заочно «обраний» на гетьманство, а імператриця з цієї нагоди присвоїла йому чин генерал-фельдмаршала й вручила в придворній церкві в Петербурзі гетьманські клейноди…», «…вирішує перенести свою резиденцію до старої, мазепинської, столиці – Батурина…», «Реформування судочинства… було спрямоване на реанімацію того укладу, у якому жилося до козацької революції…»"
27.04.2025 13:53:49,20 / 46,Клюка Ольга ,революційні події в Росії (1905–1907 рр.),Микола Міхновський у творі «Самостійна Україна»,було складовою процесу «українізації» частин російської армії.,Українська партія соціалістів-революціонерів.,1919 р.,Г,Перший «Зимовий похід».,підтвердження умов прелімінарного миру з радянською Росією.,джерела індустріалізації.,Києва.,Східної Галичини.,17 вересня 1939 р,«Поліська Січ».,проведення операції «Вісла».,депортації.,Кирило-Мефодіївського братства.,утворювати кооперативні товариства.,румунським.,«Руською трійцею».,вибух польського національно-визвольного повстання,організація першої української політичної партії,1899 р.,зародження українського аматорського театру,«Кочовики раннього залізного віку»,«Античні міста-держави Північного Причорномор’я»,«Дивосвіт Трипілля»,«Духовний світ людей доби палеоліту»,здійснення гетьманом І. Самойловичем «Великого згону»,агресія Московського царства проти Гетьманщини,створення найманого кінного війська «компанійців»,повстання під проводом полковника С. Палія,медицина,живопис,історія,театр,3,2,3,1,4,2,3,2,"християнства, іудаїзму","«…був заочно «обраний» на гетьманство, а імператриця з цієї нагоди присвоїла йому чин генерал-фельдмаршала й вручила в придворній церкві в Петербурзі гетьманські клейноди…», «…залишивши близько 3 тис. людей для оборони Батурина, виїхав із рештою козаків назустріч Карлові ХІІ…»"