Позначка часу,Результат,"Увідповідніть період в історії України з поняттями й термінами, які потрібно використовувати для його характеристики. [Установлення комуністичного тоталітарного режиму в Україні (1921–1928 рр.)]","Увідповідніть період в історії України з поняттями й термінами, які потрібно використовувати для його характеристики. [Утвердження більшовицького тоталітарного режиму в Україні (1929–1938 рр.)]","Увідповідніть період в історії України з поняттями й термінами, які потрібно використовувати для його характеристики. [Західноукраїнські землі у міжвоєнний період (1921–1938 рр.)]","Увідповідніть період в історії України з поняттями й термінами, які потрібно використовувати для його характеристики. [Україна в роки Другої світової війни (1939–1945 рр.)]",Установіть відповідність між історико-географічними назвами (1–4) земель та їхньою державною належністю (А – Д) на кінець 1937 р. [Наддніпрянщина та Слобожанщина],Установіть відповідність між історико-географічними назвами (1–4) земель та їхньою державною належністю (А – Д) на кінець 1937 р. [Східна Галичина та Західна Волинь],Установіть відповідність між історико-географічними назвами (1–4) земель та їхньою державною належністю (А – Д) на кінець 1937 р. [Північна Буковина та Південна Бессарабія],Установіть відповідність між історико-географічними назвами (1–4) земель та їхньою державною належністю (А – Д) на кінець 1937 р. [Закарпаття],"Установіть послідовність зміни керівників найвищих державних інституцій України, що існували в першій половині ХХ ст. [П. Скоропадський]","Установіть послідовність зміни керівників найвищих державних інституцій України, що існували в першій половині ХХ ст. [М. Грушевський]","Установіть послідовність зміни керівників найвищих державних інституцій України, що існували в першій половині ХХ ст. [С. Петлюра]","Установіть послідовність зміни керівників найвищих державних інституцій України, що існували в першій половині ХХ ст. [А. Волошин]","Назву якого договору пропущено в цитованому документі:

«У 1923 р. Рада послів Антанти в Парижі надала Польщі всі юридичні права на володіння Східною Галичиною. Рада визнала східні кордони Польської держави, встановлені ___»?","Який варіант заповнення пропусків у поданому нижче твердженні є правильним?

«У ____________ році Рада послів __________ в Парижі надала Польщі всі юридичні права на володіння __________. Рада офіційно визнала східні кордони Польської держави, встановлені __________».","Що стало наслідком події, описаної в спогадах Є. Петрушевича:

«Перебуваючи в Парижі на Раді послів Антанти, я сказав: “Іменем Національної Ради Східної Галичини як легального представництва українського населення Східної Галичини виступаю проти такого рішення Конференції Амбасадорів від 14 березня 1923 року, та заявляю, що українське населення ніколи не погодиться з пануванням Польщі”...»","Хто є автором цитованого документа?

«Іменем Української Національної Ради Східної Галичини як легального представництва українського населення Східної Галичини висловлюю проти того рішення Конференції Амбасадорів з 14 березня рішучий протест та заявляю, що українське населення ніколи не погодиться з пануванням Польщі, домагається незалежної Галицької Держави вільних народів та боротиметься за неї далі».","«Іменем Української Національної Ради Східної Галичини як легального представництва українського населення Східної Галичини висловлюю проти того рішення Конференції Амбасадорів з 14 березня рішучий протест та заявляю, що українське населення ніколи не погодиться з пануванням Польщі, домагається незалежної Галицької Держави вільних народів та боротиметься за неї далі».

Документ створено",Саморозпуск уряду ЗУНР в 1923 р. став наслідком визнання країнами Антанти входження до складу Польщі,"Історик Я. Грицак у праці «Нариси історії України» зазначив:

«...Політика стосовно національних меншин стала пробним каменем для демократичного устрою тих держав, які виникли в Центральній та Східній Європі після Першої світової війни».

Яка країна, на думку автора та більшості істориків, у період 1920-х - 1930-х рр. стала «єдиною, яка більш-менш задовільно склала цей іспит на демократію...» стосовно українців?",Територія Північної Буковини в листопаді 1918 року була окупована військами,"Якого року після Першої світової війни було визначено статус території, позначеної на картосхемі штрихуванням?","Установіть відповідність між країною та подією суспільно-політичного життя, що відбулася на українських землях, які входили до її складу в 1920-х - 1930-х рр. [Королівство Румунія]","Установіть відповідність між країною та подією суспільно-політичного життя, що відбулася на українських землях, які входили до її складу в 1920-х - 1930-х рр. [Чехо-Словацька Республіка]","Установіть відповідність між країною та подією суспільно-політичного життя, що відбулася на українських землях, які входили до її складу в 1920-х - 1930-х рр. [Українська СРР]","Установіть відповідність між країною та подією суспільно-політичного життя, що відбулася на українських землях, які входили до її складу в 1920-х - 1930-х рр. [Польська Республіка]","Увідповідніть країну, до складу якої в 1920–1930-ті рр. входили українські землі, з подією / явищем. [Польща]","Увідповідніть країну, до складу якої в 1920–1930-ті рр. входили українські землі, з подією / явищем. [Румунія]","Увідповідніть країну, до складу якої в 1920–1930-ті рр. входили українські землі, з подією / явищем. [Чехословаччина]","Увідповідніть країну, до складу якої в 1920–1930-ті рр. входили українські землі, з подією / явищем. [Радянський Союз]",«Осадництво» — це,"Здійснення на українських землях, що були в складі Польщі, заходів «пацифікації»","У якому уривку з історичного джерела відображено один із заходів, спрямованих на асиміляцію українців у 1920–1930-х роках?"
02.03.2025 15:18:31,8 / 32,"«операція “Вісла”», «ждановщина», «космополітизм»","«осадництво», «пацифікація», «інтегральний націоналізм»","«п’ятирічка», «розкуркулення», «розстріляне відродження»","«новий порядок», «план “Ост”», «Голокост»",Чехословацька Республіка,Польська Республіка,королівство Угорщина,Українська РСР,2,1,3,4,Брестським договором,"1919, Великої Британії та Франції, Східною Галичиною та Західною Волинню, по «лінії Керзона»",скасування Акта Злуки між УНР та ЗУНР,А. Волошин,1921 р.,Північної Буковини.,Польща,Чехословаччини.,1921 р.,проголошення автономії Підкарпатської Русі,створення Є. Коновальцем Організації українських націоналістів (ОУН),судовий процес над членами ОУН у справі вбивства міністра внутрішніх справ Б. Перацького,судовий процес над представниками української інтелігенції в справі «Спілки визволення України»,проведення «пацифікації»,проголошення автономії Підкарпатської Русі (Карпатської України),Татарбунарське повстання,Голодомор – геноцид українського народу,"адміністративна уніфікація українських земель, здійснювана урядом Румунії в 1920 — першій половині 1930-х рр.",послабило податковий тиск польської влади на українських селян.,"«Відновлюються культурні товариства, театральні трупи, студентські гуртки та органи преси. За таких обставин можна було думати про відродження українського життя в обмежених рамках»."
02.03.2025 15:53:35,29 / 32,"«нова економічна політика», «коренізація», «індустріалізація»","«п’ятирічка», «розкуркулення», «розстріляне відродження»","«осадництво», «пацифікація», «інтегральний націоналізм»","«новий порядок», «план “Ост”», «Голокост»",Українська РСР,Польська Республіка,королівство Румунія,Чехословацька Республіка,2,1,3,4,Ризьким договором,"1923, Антанти, Східною Галичиною, Ризьким договором","розпуск уряду ЗУНР, що перебував в еміграції",Є. Петрушевич,1923 р.,Східної Галичини.,Чехословаччина,Румунії.,1923 р.,створення В. Залозецьким Української національної партії (УНП),проголошення автономії Підкарпатської Русі,судовий процес над членами ОУН у справі вбивства міністра внутрішніх справ Б. Перацького,судовий процес над представниками української інтелігенції в справі «Спілки визволення України»,проведення «пацифікації»,Татарбунарське повстання,проголошення автономії Підкарпатської Русі (Карпатської України),Голодомор – геноцид українського народу,"політика планомірного заселення українських земель військовими та цивільними колоністами, здійснювана урядом Польщі в 1920-х рр.",призвело до погромів українських осередків громадсько-політичного життя.,"«На Волині та Поліссі осаджено понад 8 тисяч родин військових. Дано їм, за урядовим розпорядженням, землі від 20 до 80 га, деревину на будівництво, грошей чимало»"
02.03.2025 15:54:10,29 / 32,"«нова економічна політика», «коренізація», «індустріалізація»","«п’ятирічка», «розкуркулення», «розстріляне відродження»","«осадництво», «пацифікація», «інтегральний націоналізм»","«новий порядок», «план “Ост”», «Голокост»",Українська РСР,Польська Республіка,королівство Румунія,Чехословацька Республіка,2,1,3,4,Ризьким договором,"1923, Антанти, Східною Галичиною, Ризьким договором","розпуск уряду ЗУНР, що перебував в еміграції",Є. Петрушевич,1919 р.,Східної Галичини.,Чехословаччина,Румунії.,1923 р.,створення Є. Коновальцем Організації українських націоналістів (ОУН),проголошення автономії Підкарпатської Русі,судовий процес над представниками української інтелігенції в справі «Спілки визволення України»,судовий процес над членами ОУН у справі вбивства міністра внутрішніх справ Б. Перацького,проведення «пацифікації»,Татарбунарське повстання,проголошення автономії Підкарпатської Русі (Карпатської України),Голодомор – геноцид українського народу,"політика планомірного заселення українських земель військовими та цивільними колоністами, здійснювана урядом Польщі в 1920-х рр.",призвело до погромів українських осередків громадсько-політичного життя.,"«На Волині та Поліссі осаджено понад 8 тисяч родин військових. Дано їм, за урядовим розпорядженням, землі від 20 до 80 га, деревину на будівництво, грошей чимало»"
02.03.2025 16:13:01,21 / 32,"«нова економічна політика», «коренізація», «індустріалізація»","«п’ятирічка», «розкуркулення», «розстріляне відродження»","«новий порядок», «план “Ост”», «Голокост»","«операція “Вісла”», «ждановщина», «космополітизм»",Українська РСР,Польська Республіка,королівство Румунія,Чехословацька Республіка,2,1,3,4,Ризьким договором,"1923, Антанти, Східною Галичиною, Ризьким договором","розпуск уряду ЗУНР, що перебував в еміграції",Є. Петрушевич,1923 р.,Східної Галичини.,Польща,Румунії.,1919 р.,створення Є. Коновальцем Організації українських націоналістів (ОУН),проголошення автономії Підкарпатської Русі,судовий процес над представниками української інтелігенції в справі «Спілки визволення України»,створення В. Залозецьким Української національної партії (УНП),проголошення автономії Підкарпатської Русі (Карпатської України),проведення «пацифікації»,проголошення автономії Підкарпатської Русі (Карпатської України),проведення «пацифікації»,"процес згортання української освіти, здійснюваний урядом Угорщини наприкінці 1930-х рр.",привело до ліквідації в регіоні поміщицького землеволодіння.,"«Міністерство освіти категорично відхилило прохання відкрити школи з викладанням українською мовою, наголосивши, що громадяни зобов’язані давати своїм дітям освіту тільки в ...школах з румунською мовою викладання»."
02.03.2025 16:16:17,30 / 32,"«нова економічна політика», «коренізація», «індустріалізація»","«п’ятирічка», «розкуркулення», «розстріляне відродження»","«осадництво», «пацифікація», «інтегральний націоналізм»","«новий порядок», «план “Ост”», «Голокост»",Українська РСР,Польська Республіка,королівство Румунія,Чехословацька Республіка,2,1,3,4,Ризьким договором,"1923, Антанти, Східною Галичиною, Ризьким договором","розпуск уряду ЗУНР, що перебував в еміграції",Є. Петрушевич,1923 р.,Східної Галичини.,Чехословаччина,Румунії.,1923 р.,створення В. Залозецьким Української національної партії (УНП),проголошення автономії Підкарпатської Русі,судовий процес над членами ОУН у справі вбивства міністра внутрішніх справ Б. Перацького,судовий процес над представниками української інтелігенції в справі «Спілки визволення України»,проведення «пацифікації»,Татарбунарське повстання,проголошення автономії Підкарпатської Русі (Карпатської України),Голодомор – геноцид українського народу,"політика планомірного заселення українських земель військовими та цивільними колоністами, здійснювана урядом Польщі в 1920-х рр.",призвело до погромів українських осередків громадсько-політичного життя.,"«Міністерство освіти категорично відхилило прохання відкрити школи з викладанням українською мовою, наголосивши, що громадяни зобов’язані давати своїм дітям освіту тільки в ...школах з румунською мовою викладання»."
02.03.2025 16:21:05,31 / 32,"«нова економічна політика», «коренізація», «індустріалізація»","«п’ятирічка», «розкуркулення», «розстріляне відродження»","«осадництво», «пацифікація», «інтегральний націоналізм»","«новий порядок», «план “Ост”», «Голокост»",Українська РСР,Польська Республіка,королівство Румунія,Чехословацька Республіка,2,1,3,4,Ризьким договором,"1923, Антанти, Східною Галичиною, Ризьким договором","розпуск уряду ЗУНР, що перебував в еміграції",Є. Петрушевич,1923 р.,Східної Галичини.,Чехословаччина,Румунії.,1923 р.,створення В. Залозецьким Української національної партії (УНП),проголошення автономії Підкарпатської Русі,судовий процес над представниками української інтелігенції в справі «Спілки визволення України»,судовий процес над членами ОУН у справі вбивства міністра внутрішніх справ Б. Перацького,проведення «пацифікації»,Татарбунарське повстання,проголошення автономії Підкарпатської Русі (Карпатської України),Голодомор – геноцид українського народу,"політика планомірного заселення українських земель військовими та цивільними колоністами, здійснювана урядом Польщі в 1920-х рр.",призвело до погромів українських осередків громадсько-політичного життя.,"«На Волині та Поліссі осаджено понад 8 тисяч родин військових. Дано їм, за урядовим розпорядженням, землі від 20 до 80 га, деревину на будівництво, грошей чимало»"