Позначка часу,Результат,напишіть своє прізвище та ім'я,Установіть послідовність створення радянських агітаційних плакатів. [А],Установіть послідовність створення радянських агітаційних плакатів. [Б],Установіть послідовність створення радянських агітаційних плакатів. [В],Установіть послідовність створення радянських агітаційних плакатів. [Г],Установіть послідовність створення радянських пропагандистських плакатів. [А],Установіть послідовність створення радянських пропагандистських плакатів. [Б],Установіть послідовність створення радянських пропагандистських плакатів. [В],Установіть послідовність створення радянських пропагандистських плакатів. [Г],"Установіть послідовність виходу друком газет, фрагменти перших шпальт яких зображено на фото. [А]","Установіть послідовність виходу друком газет, фрагменти перших шпальт яких зображено на фото. [Б]","Установіть послідовність виходу друком газет, фрагменти перших шпальт яких зображено на фото. [В]","Установіть послідовність виходу друком газет, фрагменти перших шпальт яких зображено на фото. [Г]","У якому стратегічному плані було конкретизовано такі заяви нацистського лідера?

«Що стосується війни на Сході, то, звичайно, вона буде сувора. Але ні на мить не сумніваюсь в успіху. Передусім я сподіваюсь, що ми зможемо надовго забезпечити собі базу продовольства в Україні. Вона постачатиме ресурси, які нам будуть потрібні...»","Назву якого історико-географічного регіону пропущено у витягу з документа?

«Уряд СРСР вважає, що повернення Бессарабії органічно пов’язане з питанням передання Радянському Союзові тієї частини ___, переважаюча більшість населення якої пов’язана з Радянською Україною спільністю історичної долі, мовою і національним складом».",Усі зображені на фото політичні діячі були,Установіть послідовність подій державно-політичного життя першої половини XX ст. [Ухвалення Декларації про возз’єднання Західної України з УРСР у складі СРСР.],Установіть послідовність подій державно-політичного життя першої половини XX ст. [Надання Закарпаттю автономного статусу у складі Чехо-Словацької Республіки.],Установіть послідовність подій державно-політичного життя першої половини XX ст. [Підписання Московського договору між СРСР і Німеччиною про ненапад (пакт «Молотова–Ріббентропа»).],"Установіть послідовність подій державно-політичного життя першої половини XX ст. [Укладення Мюнхенської угоди між Німеччиною та Великобританією, Францією, Італією.]"," 1 вересня 1939 р., 22 червня 1941 р. — це дати",Друга світова війна розпочалася нападом,Установіть послідовність укладення міжнародних договорів (угод). [Підписання Московського договору між СРСР і Німеччиною про ненапад (Пакт «Молотова — Ріббентропа»).],Установіть послідовність укладення міжнародних договорів (угод). [Підписання РСФРР та УСРР Ризького мирного договору з Польською Республікою.],"Установіть послідовність укладення міжнародних договорів (угод). [Підписання Брест-Литовського договору між УНР, Німеччиною та її союзниками.]","Установіть послідовність укладення міжнародних договорів (угод). [Укладення Мюнхенської угоди між Німеччиною та Великою Британією, Францією, Італією.]","Коли було підписано цитований нижче документ?

«…При підписанні договору між Німеччиною та Союзом Радянських Соціалістичних Республік… уповноважені обох сторін обговорили у суворо конфіденційному порядку питання про розмежування сфер обопільних інтересів у Центрально-Східній Європі…»","Письменник Генріх Манн занотував у своєму щоденнику: 

«Один диктатор-зрадник побудував усю свою кар’єру на антибільшовизмі. Раптом він робить поворот, і тут таки інший диктатор-зрадник розкриває йому свої обійми! Вони знайшли одне одного, щоб виступити проти цивілізованого світу. Нарешті вдвох...», – 

дізнавшись про",Передумовою вступу військ Червоної армії на територію Західної України історики вважають,"Наслідком підписання якого договору стали події, описані в уривку з історичного джерела?

«Німецьке населення одностайно вітає рішення радянського уряду взяти під захист братнє радянському народові білоруське та українське населення Польщі, залишене напризволяще польським урядом...»",Реалізація Радянським Союзом умов «пакта Молотова–Ріббентропа» розпочалася
09.03.2025 15:35:14,16 / 30,Новикова Анастасия ,2,1,3,4,1,2,3,4,2,3,1,4,«Ост»,Волині,очільниками Організації українських націоналістів.,3,2,1,4,початку Другої світової війни та Великої Вітчизняної війни.,Німеччини на Польщу.,3,2,1,4,23 серпня 1939 р.,підписання Німеччиною та Радянським Союзом договору про ненапад.,розмежування «сфер інтересів» між СРСР та Німеччиною.,"Брест-Литовський договір між УНР, Німеччиною та її союзниками",17 вересня 1939 р.
09.03.2025 15:53:49,25 / 30,Свінціцка Вікторія ,3,1,2,4,4,3,2,1,1,4,2,3,«Ост»,Буковини,"жертвами терористичних актів, організованих радянськими органами держбезпеки",4,2,3,1,початку Другої світової війни та Великої Вітчизняної війни.,Німеччини на Польщу.,4,2,1,3,23 серпня 1939 р.,підписання Німеччиною та Радянським Союзом договору про ненапад.,розмежування «сфер інтересів» між СРСР та Німеччиною.,Московський договір між СРСР і Німеччиною (пакт «Молотова–Ріббентропа»),17 вересня 1939 р.
09.03.2025 16:47:26,20 / 30,Софія Вовк,4,2,3,1,3,1,2,4,2,4,1,3,«Ост»,Буковини,"жертвами терористичних актів, організованих радянськими органами держбезпеки",4,2,3,1,початку Другої світової війни та Великої Вітчизняної війни.,Німеччини на Польщу.,3,2,1,4,23 серпня 1939 р.,підписання Німеччиною та Радянським Союзом договору про ненапад.,розмежування «сфер інтересів» між СРСР та Німеччиною.,Московський договір між СРСР і Німеччиною (пакт «Молотова–Ріббентропа»),17 вересня 1939 р.